/* DUPLICATOR-LITE (MYSQL-DUMP BUILD MODE) MYSQL SCRIPT CREATED ON : 2020-06-12 14:28:23 */

/*!40103 SET @OLD_TIME_ZONE=@@TIME_ZONE */;
/*!40103 SET TIME_ZONE='+00:00' */;
/*!40014 SET @OLD_UNIQUE_CHECKS=@@UNIQUE_CHECKS, UNIQUE_CHECKS=0 */;
/*!40014 SET @OLD_FOREIGN_KEY_CHECKS=@@FOREIGN_KEY_CHECKS, FOREIGN_KEY_CHECKS=0 */;
/*!40101 SET @OLD_SQL_MODE=@@SQL_MODE, SQL_MODE='NO_AUTO_VALUE_ON_ZERO' */;
/*!40111 SET @OLD_SQL_NOTES=@@SQL_NOTES, SQL_NOTES=0 */;
/*!40101 SET @saved_cs_client     = @@character_set_client */;
/*!40101 SET character_set_client = utf8 */;
CREATE TABLE `wp_advps_optionset` (
  `id` int(5) NOT NULL AUTO_INCREMENT,
  `template` varchar(10) CHARACTER SET utf8 NOT NULL,
  `plist` text CHARACTER SET utf8 NOT NULL,
  `query` text CHARACTER SET utf8 NOT NULL,
  `slider` text NOT NULL,
  `caro_ticker` text NOT NULL,
  `container` text NOT NULL,
  `content` text NOT NULL,
  `navigation` text NOT NULL,
  PRIMARY KEY (`id`)
) ENGINE=InnoDB AUTO_INCREMENT=4 DEFAULT CHARSET=latin1;
/*!40101 SET character_set_client = @saved_cs_client */;

LOCK TABLES `wp_advps_optionset` WRITE;
/*!40000 ALTER TABLE `wp_advps_optionset` DISABLE KEYS */;
INSERT INTO `wp_advps_optionset` VALUES (1,'one','a:5:{s:17:\"advps_post_stypes\";s:4:\"post\";s:14:\"advps_plistmax\";s:2:\"99\";s:19:\"advps_plistorder_by\";s:4:\"name\";s:16:\"advps_plistorder\";s:3:\"ASC\";s:11:\"advps_plist\";a:2:{i:0;s:3:\"962\";i:1;s:3:\"960\";}}','a:6:{s:16:\"advps_post_types\";s:4:\"post\";s:13:\"advps_maxpost\";s:2:\"10\";s:12:\"advps_offset\";s:0:\"\";s:13:\"advps_exclude\";s:0:\"\";s:14:\"advps_order_by\";s:4:\"date\";s:11:\"advps_order\";s:4:\"DESC\";}','a:8:{s:17:\"advps_slider_type\";s:8:\"standard\";s:16:\"advps_transition\";s:6:\"jquery\";s:13:\"advps_effects\";s:4:\"fade\";s:11:\"advps_speed\";s:4:\"4000\";s:14:\"advps_autoplay\";s:3:\"yes\";s:13:\"advps_timeout\";s:4:\"3000\";s:15:\"advps_sldmargin\";s:1:\"0\";s:14:\"advps_ps_hover\";s:3:\"yes\";}','a:2:{s:15:\"advps_caro_slds\";s:1:\"3\";s:19:\"advps_caro_sldwidth\";s:3:\"180\";}','a:13:{s:15:\"advps_thumbnail\";s:15:\"advps-thumb-one\";s:19:\"advps_default_image\";s:0:\"\";s:15:\"advps_sld_width\";s:3:\"600\";s:13:\"advps_bgcolor\";s:7:\"#FFFFFF\";s:17:\"advps_border_size\";s:1:\"1\";s:17:\"advps_border_type\";s:5:\"solid\";s:18:\"advps_border_color\";s:7:\"#444444\";s:19:\"advps_remove_border\";s:2:\"no\";s:13:\"advps_bxshad1\";s:1:\"0\";s:13:\"advps_bxshad2\";s:1:\"1\";s:13:\"advps_bxshad3\";s:1:\"4\";s:17:\"advps_bxshadcolor\";s:7:\"#000000\";s:16:\"advps_remove_shd\";s:2:\"no\";}','a:25:{s:19:\"advps_overlay_width\";s:2:\"30\";s:20:\"advps_overlay_height\";s:3:\"100\";s:19:\"advps_overlay_color\";s:7:\"#000000\";s:21:\"advps_overlay_opacity\";s:3:\"0.6\";s:18:\"advps_text_opacity\";s:1:\"1\";s:16:\"advps_text_align\";s:4:\"left\";s:16:\"advps_ttitle_tag\";s:2:\"h2\";s:17:\"advps_titleFcolor\";s:7:\"#FFFFFF\";s:17:\"advps_titleHcolor\";s:7:\"#c9c9c9\";s:16:\"advps_titleFsize\";s:3:\"1.5\";s:18:\"advps_ttitleFSunit\";s:2:\"vw\";s:18:\"advps_titleLheight\";s:3:\"1.6\";s:18:\"advps_ttitleLHunit\";s:2:\"vw\";s:17:\"advps_excptFcolor\";s:7:\"#FFFFFF\";s:16:\"advps_excptFsize\";s:1:\"1\";s:17:\"advps_excptFSunit\";s:2:\"vw\";s:18:\"advps_excptLheight\";s:1:\"1\";s:17:\"advps_excptLHunit\";s:2:\"vw\";s:16:\"advps_excerptlen\";s:2:\"25\";s:22:\"advps_excpt_visibility\";s:11:\"always show\";s:20:\"advps_excpt_position\";s:4:\"left\";s:19:\"advps_exclude_excpt\";s:2:\"no\";s:13:\"advps_ed_link\";s:6:\"enable\";s:15:\"advps_link_type\";s:9:\"permalink\";s:17:\"advps_link_target\";s:5:\"_self\";}','a:9:{s:19:\"advps_exclude_pager\";s:2:\"no\";s:16:\"advps_pager_type\";s:6:\"bullet\";s:18:\"advps_pthumb_width\";s:2:\"10\";s:17:\"advps_pager_align\";s:6:\"center\";s:18:\"advps_pager_bottom\";s:3:\"-35\";s:23:\"advps_exclude_playpause\";s:2:\"no\";s:18:\"advps_ppause_align\";s:6:\"center\";s:19:\"advps_ppause_bottom\";s:1:\"6\";s:21:\"advps_exclude_nxtprev\";s:2:\"no\";}'),(2,'two','a:5:{s:17:\"advps_post_stypes\";s:4:\"post\";s:14:\"advps_plistmax\";s:2:\"99\";s:19:\"advps_plistorder_by\";s:4:\"name\";s:16:\"advps_plistorder\";s:3:\"ASC\";s:11:\"advps_plist\";a:0:{}}','a:6:{s:16:\"advps_post_types\";s:4:\"post\";s:13:\"advps_maxpost\";s:2:\"10\";s:12:\"advps_offset\";s:0:\"\";s:13:\"advps_exclude\";s:0:\"\";s:14:\"advps_order_by\";s:4:\"date\";s:11:\"advps_order\";s:4:\"DESC\";}','a:8:{s:17:\"advps_slider_type\";s:8:\"standard\";s:16:\"advps_transition\";s:4:\"css3\";s:13:\"advps_effects\";s:4:\"fade\";s:11:\"advps_speed\";s:4:\"2000\";s:14:\"advps_autoplay\";s:3:\"yes\";s:13:\"advps_timeout\";s:4:\"3000\";s:15:\"advps_sldmargin\";s:1:\"0\";s:14:\"advps_ps_hover\";s:3:\"yes\";}','a:2:{s:15:\"advps_caro_slds\";s:1:\"3\";s:19:\"advps_caro_sldwidth\";s:3:\"180\";}','a:16:{s:15:\"advps_thumbnail\";s:15:\"advps-thumb-one\";s:19:\"advps_default_image\";s:0:\"\";s:15:\"advps_sld_width\";s:3:\"600\";s:13:\"advps_bgcolor\";s:7:\"#FFFFFF\";s:17:\"advps_border_size\";s:1:\"1\";s:17:\"advps_border_type\";s:5:\"solid\";s:18:\"advps_border_color\";s:7:\"#444444\";s:19:\"advps_remove_border\";s:2:\"no\";s:13:\"advps_bxshad1\";s:1:\"0\";s:13:\"advps_bxshad2\";s:1:\"1\";s:13:\"advps_bxshad3\";s:1:\"4\";s:17:\"advps_bxshadcolor\";s:7:\"#000000\";s:16:\"advps_remove_shd\";s:2:\"no\";s:13:\"advps_ed_link\";s:6:\"enable\";s:15:\"advps_link_type\";s:9:\"permalink\";s:17:\"advps_link_target\";s:5:\"_self\";}','','a:9:{s:19:\"advps_exclude_pager\";s:2:\"no\";s:16:\"advps_pager_type\";s:6:\"bullet\";s:18:\"advps_pthumb_width\";s:2:\"10\";s:17:\"advps_pager_align\";s:6:\"center\";s:18:\"advps_pager_bottom\";s:3:\"-35\";s:23:\"advps_exclude_playpause\";s:2:\"no\";s:18:\"advps_ppause_align\";s:6:\"center\";s:19:\"advps_ppause_bottom\";s:1:\"6\";s:21:\"advps_exclude_nxtprev\";s:2:\"no\";}'),(3,'three','a:5:{s:17:\"advps_post_stypes\";s:4:\"post\";s:14:\"advps_plistmax\";s:2:\"99\";s:19:\"advps_plistorder_by\";s:4:\"name\";s:16:\"advps_plistorder\";s:3:\"ASC\";s:11:\"advps_plist\";a:0:{}}','a:6:{s:16:\"advps_post_types\";s:4:\"post\";s:13:\"advps_maxpost\";s:2:\"10\";s:12:\"advps_offset\";s:0:\"\";s:13:\"advps_exclude\";s:0:\"\";s:14:\"advps_order_by\";s:4:\"date\";s:11:\"advps_order\";s:4:\"DESC\";}','a:8:{s:17:\"advps_slider_type\";s:8:\"standard\";s:16:\"advps_transition\";s:4:\"css3\";s:13:\"advps_effects\";s:4:\"fade\";s:11:\"advps_speed\";s:4:\"2000\";s:14:\"advps_autoplay\";s:3:\"yes\";s:13:\"advps_timeout\";s:4:\"3000\";s:15:\"advps_sldmargin\";s:1:\"0\";s:14:\"advps_ps_hover\";s:3:\"yes\";}','a:2:{s:15:\"advps_caro_slds\";s:1:\"3\";s:19:\"advps_caro_sldwidth\";s:3:\"180\";}','a:17:{s:15:\"advps_thumbnail\";s:6:\"medium\";s:19:\"advps_default_image\";s:0:\"\";s:15:\"advps_sld_width\";s:3:\"600\";s:13:\"advps_bgcolor\";s:7:\"#FFFFFF\";s:17:\"advps_border_size\";s:1:\"1\";s:17:\"advps_border_type\";s:5:\"solid\";s:18:\"advps_border_color\";s:7:\"#444444\";s:19:\"advps_remove_border\";s:2:\"no\";s:13:\"advps_bxshad1\";s:1:\"0\";s:13:\"advps_bxshad2\";s:1:\"1\";s:13:\"advps_bxshad3\";s:1:\"4\";s:17:\"advps_bxshadcolor\";s:7:\"#000000\";s:16:\"advps_remove_shd\";s:2:\"no\";s:14:\"advps_contpad1\";s:2:\"10\";s:14:\"advps_contpad2\";s:2:\"10\";s:14:\"advps_contpad3\";s:2:\"10\";s:14:\"advps_contpad4\";s:2:\"10\";}','a:18:{s:17:\"advps_content_set\";a:3:{i:0;s:5:\"thumb\";i:1;s:5:\"title\";i:2;s:7:\"excerpt\";}s:16:\"advps_cont_width\";s:3:\"250\";s:16:\"advps_ttitle_tag\";s:2:\"h2\";s:17:\"advps_titleFcolor\";s:7:\"#565656\";s:17:\"advps_titleHcolor\";s:7:\"#000000\";s:16:\"advps_titleFsize\";s:3:\"1.5\";s:18:\"advps_ttitleFSunit\";s:2:\"vw\";s:18:\"advps_titleLheight\";s:3:\"1.6\";s:18:\"advps_ttitleLHunit\";s:2:\"vw\";s:17:\"advps_excptFcolor\";s:7:\"#444444\";s:16:\"advps_excptFsize\";s:1:\"1\";s:17:\"advps_excptFSunit\";s:2:\"vw\";s:18:\"advps_excptLheight\";s:1:\"1\";s:17:\"advps_excptLHunit\";s:2:\"vw\";s:16:\"advps_excerptlen\";s:2:\"25\";s:13:\"advps_ed_link\";s:6:\"enable\";s:15:\"advps_link_type\";s:9:\"permalink\";s:17:\"advps_link_target\";s:5:\"_self\";}','a:9:{s:19:\"advps_exclude_pager\";s:2:\"no\";s:16:\"advps_pager_type\";s:6:\"bullet\";s:18:\"advps_pthumb_width\";s:2:\"10\";s:17:\"advps_pager_align\";s:6:\"center\";s:18:\"advps_pager_bottom\";s:3:\"-35\";s:23:\"advps_exclude_playpause\";s:2:\"no\";s:18:\"advps_ppause_align\";s:6:\"center\";s:19:\"advps_ppause_bottom\";s:1:\"6\";s:21:\"advps_exclude_nxtprev\";s:2:\"no\";}');
/*!40000 ALTER TABLE `wp_advps_optionset` ENABLE KEYS */;
UNLOCK TABLES;
/*!40101 SET @saved_cs_client     = @@character_set_client */;
/*!40101 SET character_set_client = utf8 */;
CREATE TABLE `wp_advps_thumbnail` (
  `id` int(2) NOT NULL AUTO_INCREMENT,
  `thumb_name` varchar(500) NOT NULL,
  `width` int(4) NOT NULL,
  `height` int(4) NOT NULL,
  `crop` varchar(5) NOT NULL,
  PRIMARY KEY (`id`)
) ENGINE=InnoDB AUTO_INCREMENT=2 DEFAULT CHARSET=latin1;
/*!40101 SET character_set_client = @saved_cs_client */;

LOCK TABLES `wp_advps_thumbnail` WRITE;
/*!40000 ALTER TABLE `wp_advps_thumbnail` DISABLE KEYS */;
INSERT INTO `wp_advps_thumbnail` VALUES (1,'advps-thumb-one',600,220,'yes');
/*!40000 ALTER TABLE `wp_advps_thumbnail` ENABLE KEYS */;
UNLOCK TABLES;
/*!40101 SET @saved_cs_client     = @@character_set_client */;
/*!40101 SET character_set_client = utf8 */;
CREATE TABLE `wp_cf7dbplugin_st` (
  `submit_time` decimal(16,4) NOT NULL,
  PRIMARY KEY (`submit_time`)
) ENGINE=InnoDB DEFAULT CHARSET=latin1;
/*!40101 SET character_set_client = @saved_cs_client */;

LOCK TABLES `wp_cf7dbplugin_st` WRITE;
/*!40000 ALTER TABLE `wp_cf7dbplugin_st` DISABLE KEYS */;
INSERT INTO `wp_cf7dbplugin_st` VALUES (1428080590.0625),(1428080915.8906),(1428345273.9915),(1428345432.7103),(1428345806.4603),(1432833679.3618),(1433202375.2251),(1433210505.0845),(1433210586.6783),(1433210663.8970),(1433216426.5376),(1433217256.4439),(1433270472.3970),(1433270542.1158),(1433272757.7720),(1433280680.3345),(1433284343.4283),(1433284388.5220),(1433285607.1314),(1433286873.1001),(1433294592.0064),(1433296614.3189),(1433297250.4908),(1433298911.5689),(1433303327.6939),(1433332896.7564),(1433335196.8033),(1433342400.8658),(1433361342.2486),(1433361474.7017),(1433371452.8892),(1433385974.3267),(1433386776.5767),(1433437414.3579),(1433442923.3267),(1433443642.0454),(1433447584.9517),(1433468225.3423),(1433538663.5454),(1433539953.6392),(1433547807.9986),(1433554421.2642),(1433620149.3736),(1433624247.6704),(1433692077.7843),(1433698431.6280),(1433709871.5811),(1433717109.1593),(1433721452.0499),(1433747915.4718),(1433759139.0811),(1433765139.6280),(1433766605.1593),(1433770935.5186),(1433773194.4405),(1433777957.1749),(1433780787.7999),(1433782668.8155),(1433791996.1905),(1433794786.9249),(1433797565.5343),(1433806504.6749),(1433807094.7843),(1433850996.5186),(1433851353.4405),(1433859869.0343),(1433861596.4718),(1433865850.0499),(1433867179.0030),(1433867433.3155),(1433868929.2999),(1433873197.5186),(1433881144.0499),(1433881291.0499),(1433885453.9249),(1433887926.0655),(1433890632.0186),(1433891248.6593),(1433891250.4561),(1433891743.3624),(1433891888.5811),(1433893702.2686),(1433913845.8936),(1433921424.2843),(1433922324.5186),(1433922418.7061),(1433922420.3155),(1433950894.8936),(1433951531.4561),(1433954124.0655),(1433954159.4561),(1433970891.1749),(1433971744.2218),(1433974098.8936),(1433974730.3155),(1433976388.3624),(1433983846.8155),(1433989053.7530),(1433989251.5499),(1433990635.6593),(1433997116.0499),(1433997523.2530),(1434037912.5811),(1434040890.7843),(1434042019.2218),(1434048378.9561),(1434051300.9405),(1434057778.2530),(1434059068.3155),(1434090773.9874),(1434124211.9561),(1434129559.5811),(1434135782.6124),(1434157387.0186),(1434160014.5968),(1434170326.4405),(1434174580.4093),(1434197222.7843),(1434215325.1436),(1434221748.8780),(1434232051.8936),(1434235126.7999),(1434241951.7686),(1434248552.8936),(1434258678.7451),(1434261273.7920),(1434309449.6514),(1434327084.9639),(1434327971.8545),(1434350454.3233),(1434366808.3389),(1434366809.1045),(1434376400.9014),(1434380391.6045),(1434380723.1514),(1434387245.2764),(1434388370.1514),(1434395293.6045),(1434401466.9326),(1434401998.1045),(1434405313.8545),(1434420280.6514),(1434443493.3545),(1434457069.6045),(1434461735.8858),(1434472276.8701),(1434473986.3389),(1434501696.5108),(1434507925.0576),(1434508183.9795),(1434519766.4483),(1434541142.5108),(1434541906.4170),(1434546385.0264),(1434548355.1670),(1434560920.8701),(1434584771.0108),(1434590144.1826),(1434631735.8858),(1434652985.3076),(1434655451.1670),(1434685343.8701),(1434721494.4170),(1434732192.2920),(1434928275.6220),(1434934908.2470),(1434946105.0439),(1434982555.7158),(1434982682.8095),(1434985082.2939),(1434991350.9814),(1434992641.7939),(1434994396.7939),(1435002651.6689),(1435043671.9814),(1435086064.9501),(1435097319.0439),(1435100010.3408),(1435107021.0751),(1435124502.1845),(1435126788.5283),(1435188206.1064),(1435234898.2626),(1435235314.0126),(1435242625.1376),(1435258327.0751),(1435261821.7783),(1435264087.4345),(1435327502.1689),(1435340918.5283),(1435341930.6376),(1435342553.0908),(1435344754.6845),(1435354838.8251),(1435366064.4501),(1435418949.8564),(1435445221.5751),(1435445532.0751),(1435497291.8426),(1435507231.2489),(1435508400.7176),(1435508698.8114),(1435523361.2489),(1435525636.1239),(1435546261.0926),(1435559764.2020),(1435594167.0926),(1435601126.2333),(1435605961.8426),(1435609363.9676),(1435610354.7333),(1435618060.3270),(1435627290.7176),(1435630472.1551),(1435659977.5458),(1435671862.8895),(1435683457.0458),(1435715125.7801),(1435776804.1551),(1435810786.7801),(1435874721.9520),(1435929922.5458),(1435929930.4208),(1435950257.5145),(1435950261.2801),(1436040914.7958),(1436081244.0376),(1436109864.9126),(1436110255.4751),(1436144653.8658),(1436144664.8033),(1436208243.9751),(1436208253.1001),(1436208322.1783),(1436208328.4126),(1436217930.8189),(1436276583.4908),(1436277226.9439),(1436386384.2251),(1436388803.0533),(1436389300.7720),(1436395413.5533),(1436414616.1158),(1436486119.9908),(1436486120.2876),(1436510095.5220),(1436547740.7876),(1436554764.3501),(1436564527.8189),(1436575948.8501),(1436627316.3345),(1436767735.4535),(1436805205.9691),(1436814640.6723),(1436819453.2660),(1436827425.6254),(1436886842.2816),(1436890910.4691),(1436910548.8129),(1436986831.5304),(1437059960.4523),(1437070638.6554),(1437086512.3273),(1437089218.7804),(1437157121.6710),(1437157127.0616),(1437293133.8909),(1437337424.3753),(1437353711.3596),(1437353719.6878),(1437367467.5315),(1437410360.4534),(1437410368.0315),(1437412280.5003),(1437414238.7503),(1437415847.2503),(1437415851.1721),(1437415852.6721),(1437416401.5315),(1437416408.3128),(1437440948.2815),(1437568402.9790),(1437568980.5571),(1437568989.0884),(1437578714.6978),(1437588760.8540),(1437588769.4009),(1437593694.2290),(1437597176.4946),(1437597657.1196),(1437598257.5103),(1437598262.2915),(1437604654.3540),(1437607317.0415),(1437607325.2134),(1437619284.3853),(1437639829.4634),(1437639837.3071),(1437667938.0103),(1437667943.1040),(1437686958.0259),(1437686990.4790),(1437748585.2290),(1437758725.5571),(1437760285.4946),(1437772327.0415),(1437803151.0728),(1437807839.0728),(1437846976.7134),(1437864352.3071),(1437878429.9009),(1437949132.5591),(1437953637.7310),(1437966634.5279),(1438003474.8091),(1438015369.3091),(1438015372.9185),(1438024881.1060),(1438029403.3091),(1438029404.8248),(1438033052.4966),(1438047690.7623),(1438062039.4654),(1438068253.1373),(1438084313.3404),(1438101533.6841),(1438102300.8560),(1438105253.4029),(1438117514.0748),(1438126647.1841),(1438126960.7466),(1438179673.5440),(1438195943.0596),(1438284739.3878),(1438315324.5284),(1438315335.5753),(1438315352.0753),(1438315355.4815),(1438340506.7315),(1438370138.9190),(1438386165.7471),(1438406491.2003),(1438409724.8878),(1438438065.4190),(1438445575.1534),(1438455577.2940),(1438484365.2003),(1438564303.3710),(1438570689.1991),(1438571553.1991),(1438582396.7460),(1438582478.5585),(1438618869.5898),(1438625420.6210),(1438626688.5429),(1438628339.8241),(1438629328.1991),(1438631279.3866),(1438631774.9335),(1438633632.5273),(1438648654.5898),(1438650253.9648),(1438650585.7773),(1438700230.5116),(1438702401.5116),(1438709233.1523),(1438732946.3398),(1438737383.4023),(1438781292.1679),(1438787537.8398),(1438795719.1991),(1438806946.3866),(1438823242.7929),(1438873290.8554),(1438881550.5585),(1438905152.5429),(1438929122.8398),(1438997755.0429),(1439044812.7929),(1439044887.4491),(1439049662.0116),(1439066693.0116),(1439070159.1366),(1439076677.5741),(1439097591.0433),(1439124250.5901),(1439135621.8714),(1439149425.8714),(1439152477.9964),(1439155489.1683),(1439218790.5120),(1439222009.1370),(1439222805.9651),(1439226100.2464),(1439236416.8870),(1439242506.3714),(1439249118.1214),(1439265407.7776),(1439300531.0901),(1439303766.6839),(1439319423.8245),(1439320325.8089),(1439332153.1370),(1439339877.9808),(1439347161.7933),(1439347263.7776),(1439400185.3479),(1439400192.8948),(1439401430.4104),(1439405383.1916),(1439405387.7229),(1439405390.8323),(1439406161.9573),(1439406165.1760),(1439413576.8635),(1439478073.5354),(1439478079.5354),(1439478081.5198),(1439486578.1291),(1439486583.3635),(1439486586.7385),(1439486586.9260),(1439498179.8635),(1439498487.3166),(1439498489.0979),(1439500745.6291),(1439523074.3635),(1439523153.8010),(1439535982.1448),(1439567655.0354),(1439570301.6291),(1439574605.0510),(1439584356.6291),(1439587864.6760),(1439648070.4729),(1439750545.2099),(1439760450.4911),(1439771074.5536),(1439772190.7568),(1439803537.1474),(1439813474.9286),(1439825363.7724),(1439826139.6474),(1439833818.8349),(1439837012.4755),(1439857068.0849),(1439912091.0536),(1439918450.2724),(1439927116.1786),(1439941990.8661),(1439989643.2255),(1439999922.2880),(1440015654.7568),(1440024579.6630),(1440044077.9599),(1440097739.9286),(1440106216.7880),(1440134202.4599),(1440173817.5536),(1440178273.1943),(1440185568.3818),(1440191186.8036),(1440192416.6943),(1440207058.7880),(1440215593.8036),(1440257699.2255),(1440258546.8974),(1440268848.5224),(1440273152.9286),(1440338395.1786),(1440338969.1786),(1440351603.4599),(1440352753.4599),(1440367386.6474),(1440375317.7255),(1440431575.5068),(1440431989.6318),(1440437795.9286),(1440440442.8349),(1440443238.0536),(1440443716.2880),(1440445874.7724),(1440455207.4911),(1440457041.3818),(1440458886.4911),(1440461007.0068),(1440512078.5068),(1440514089.7411),(1440514227.2411),(1440521415.0224),(1440521915.9443),(1440522787.3349),(1440522789.8349),(1440529387.6005),(1440543146.7255),(1440547686.6318),(1440585402.8974),(1440585411.6161),(1440590874.8974),(1440601881.1161),(1440614347.1786),(1440623954.2411),(1440627181.8193),(1440646666.3505),(1440659120.5536),(1440690223.0380),(1440692126.8661),(1440731261.2568),(1440731609.2255),(1440768381.8661),(1440770297.6786),(1440811692.0693),(1440886015.7099),(1440940080.5693),(1440965464.7568),(1440965794.9443),(1440986419.5224),(1440991758.2724),(1440993110.1943),(1441032761.2255),(1441041909.8349),(1441047094.5224),(1441049801.7880),(1441049867.9130),(1441113129.0224),(1441114227.6474),(1441119798.0849),(1441120812.3505),(1441132048.3818),(1441132554.7255),(1441138996.6161),(1441139105.7099),(1441145409.3349),(1441154266.4911),(1441170014.2880),(1441195767.4130),(1441208733.3974),(1441217146.9599),(1441217640.6786),(1441221563.0380),(1441222506.7724),(1441222580.1786),(1441231865.8036),(1441232365.2099),(1441232822.5224),(1441239433.2255),(1441243490.9599),(1441244185.2880),(1441248834.6474),(1441298259.1161),(1441325591.1005),(1441325593.2880),(1441325595.7255),(1441329237.1474),(1441329826.3036),(1441378396.3974),(1441380162.9286),(1441461301.7568),(1441493714.9599),(1441554837.6121),(1441579857.5653),(1441586494.8934),(1441586839.3153),(1441589193.8778),(1441644907.9090),(1441650140.8465),(1441684144.4559),(1441685150.0496),(1441713829.0965),(1441713956.0496),(1441719278.7684),(1441719758.1746),(1441719760.0184),(1441720014.0496),(1441721341.1278),(1441725174.8778),(1441730582.7684),(1441767897.6590),(1441776665.3153),(1441804680.9403),(1441821959.6746),(1441825507.9246),(1441834574.0184),(1441839280.5653),(1441840208.4871),(1441844686.5184),(1441848158.1121),(1441893631.4678),(1441898983.2021),(1441908473.2646),(1441916989.0928),(1441935639.3115),(1441948881.0771),(1441977145.4365),(1441978653.4521),(1441979783.2021),(1441985150.8271),(1441989830.3584),(1442003128.8428),(1442003128.9053),(1442029716.8896),(1442031300.5459),(1442031348.8428),(1442062406.2490),(1442068221.0459),(1442084476.9209),(1442089185.7646),(1442098589.5771),(1442148918.8040),(1442149541.0384),(1442162949.2259),(1442164627.9915),(1442176358.1634),(1442200956.6009),(1442218170.6009),(1442238377.2415),(1442251238.2415),(1442260414.8196),(1442260649.5071),(1442263455.7571),(1442284769.1321),(1442298420.1009),(1442317355.7415),(1442321241.6009),(1442325142.0384),(1442327553.1478),(1442354203.8509),(1442360034.9915),(1442360525.6478),(1442376330.6790),(1442423287.9915),(1442428098.1946),(1442455262.5540),(1442493000.0384),(1442502671.8665),(1442510038.1790),(1442533298.0071),(1442540956.4759),(1442586751.0384),(1442587373.6790),(1442587628.2415),(1442587821.8978),(1442597046.7571),(1442677747.8196),(1442691419.4134),(1442699503.2259),(1442705367.3665),(1442744059.3285),(1442756852.2973),(1442836000.1723),(1442837591.3598),(1442844194.7816),(1442847080.7973),(1442848894.8285),(1442851205.3754),(1442854948.7035),(1442858695.5629),(1442867514.2816),(1442867705.0941),(1442868455.4066),(1442868539.2973),(1442868651.1254),(1442874049.1098),(1442877084.0004),(1442879855.8129),(1442881611.9691),(1442922926.6566),(1442941798.9379),(1442955918.2191),(1442956317.6098),(1442957183.2504),(1442960163.5473),(1442972882.0473),(1442973901.7973),(1442973951.3910),(1443018226.5316),(1443026197.1879),(1443029534.0941),(1443038513.1254),(1443039315.0160),(1443086275.1410),(1443121302.2191),(1443128006.2191),(1443130284.9691),(1443130318.3285),(1443132617.0004),(1443208583.8598),(1443262372.6254),(1443268813.8441),(1443280858.2504),(1443300044.5160),(1443365822.5798),(1443403637.9046),(1443453392.0921),(1443454446.4984),(1443462231.6078),(1443464463.3890),(1443468128.9984),(1443477111.6078),(1443478196.0765),(1443540649.9359),(1443549683.1390),(1443556464.1234),(1443591698.6390),(1443620861.8578),(1443624775.4984),(1443639210.3578),(1443668381.3109),(1443697949.5609),(1443702567.8578),(1443712386.8578),(1443726231.8578),(1443737688.4671),(1443765489.9203),(1443795160.7171),(1443802003.9828),(1443820655.1703),(1443827236.9046),(1443831978.3890),(1443842025.9515),(1443891015.3265),(1443923953.3890),(1443933855.0140),(1443992125.7483),(1444005271.0139),(1444009216.2951),(1444045084.1858),(1444054385.4670),(1444064752.4983),(1444068051.5295),(1444068258.2326),(1444153062.9983),(1444177656.3420),(1444230555.3264),(1444234776.6076),(1444237314.9826),(1444237575.0764),(1444247794.4045),(1444257402.3108),(1444276406.2326),(1444302714.8108),(1444320658.2951),(1444320755.8108),(1444326079.5295),(1444431538.4201),(1444465731.5608),(1444617403.7878);
/*!40000 ALTER TABLE `wp_cf7dbplugin_st` ENABLE KEYS */;
UNLOCK TABLES;
/*!40101 SET @saved_cs_client     = @@character_set_client */;
/*!40101 SET character_set_client = utf8 */;
CREATE TABLE `wp_cf7dbplugin_submits` (
  `submit_time` decimal(16,4) NOT NULL,
  `form_name` varchar(127) CHARACTER SET utf8 DEFAULT NULL,
  `field_name` varchar(127) CHARACTER SET utf8 DEFAULT NULL,
  `field_value` longtext CHARACTER SET utf8,
  `field_order` int(11) DEFAULT NULL,
  `file` longblob,
  KEY `submit_time_idx` (`submit_time`),
  KEY `form_name_idx` (`form_name`),
  KEY `field_name_idx` (`field_name`)
) ENGINE=InnoDB DEFAULT CHARSET=latin1;
/*!40101 SET character_set_client = @saved_cs_client */;

LOCK TABLES `wp_cf7dbplugin_submits` WRITE;
/*!40000 ALTER TABLE `wp_cf7dbplugin_submits` DISABLE KEYS */;
INSERT INTO `wp_cf7dbplugin_submits` VALUES (1433202375.2251,'Get More Information - Mobile Sidebar Form','fname','Jessie',0,NULL),(1433202375.2251,'Get More Information - Mobile Sidebar Form','lname','Wilgis',1,NULL),(1433202375.2251,'Get More Information - Mobile Sidebar Form','email','jwilgis94@yahoo.com',2,NULL),(1433202375.2251,'Get More Information - Mobile Sidebar Form','tel','9048068768',3,NULL),(1433202375.2251,'Get More Information - Mobile Sidebar Form','zip','32084',4,NULL),(1433202375.2251,'Get More Information - Mobile Sidebar Form','Submitted From','98.231.10.248',10000,NULL),(1433216426.5376,'Get More Information - Mobile Sidebar Form','fname','Tommie',0,NULL),(1433216426.5376,'Get More Information - Mobile Sidebar Form','lname','Adams',1,NULL),(1433216426.5376,'Get More Information - Mobile Sidebar Form','email','adamstommie64@yahoo.com',2,NULL),(1433216426.5376,'Get More Information - Mobile Sidebar Form','tel','9045316680',3,NULL),(1433216426.5376,'Get More Information - Mobile Sidebar Form','zip','32043',4,NULL),(1433216426.5376,'Get More Information - Mobile Sidebar Form','Submitted From','107.139.210.184',10000,NULL),(1433270472.3970,'Get More Information - Mobile Sidebar Form','fname','Cadron',0,NULL),(1433270472.3970,'Get More Information - Mobile Sidebar Form','lname','Banks',1,NULL),(1433270472.3970,'Get More Information - Mobile Sidebar Form','email','bpookie38@yahoo.vkn',2,NULL),(1433270472.3970,'Get More Information - Mobile Sidebar Form','tel','9013047568',3,NULL),(1433270472.3970,'Get More Information - Mobile Sidebar Form','zip','32244',4,NULL),(1433270472.3970,'Get More Information - Mobile Sidebar Form','Submitted From','71.199.83.99',10000,NULL),(1433270542.1158,'Get More Information - Sidebar Form','fname','BRANDON',0,NULL),(1433270542.1158,'Get More Information - Sidebar Form','lname','GREENE',1,NULL),(1433270542.1158,'Get More Information - Sidebar Form','email','brandon.greene21@Yahoo.com',2,NULL),(1433270542.1158,'Get More Information - Sidebar Form','tel','301-351-6753',3,NULL),(1433270542.1158,'Get More Information - Sidebar Form','zip','27612',4,NULL),(1433270542.1158,'Get More Information - Sidebar Form','Submitted From','12.181.141.210',10000,NULL),(1433280680.3345,'Get More Information - Mobile Sidebar Form','fname','Kyle',0,NULL),(1433280680.3345,'Get More Information - Mobile Sidebar Form','lname','williams',1,NULL),(1433280680.3345,'Get More Information - Mobile Sidebar Form','email','Kylewilliams_1987@yahoo.com',2,NULL),(1433280680.3345,'Get More Information - Mobile Sidebar Form','tel','9046153392',3,NULL),(1433280680.3345,'Get More Information - Mobile Sidebar Form','zip','32084',4,NULL),(1433280680.3345,'Get More Information - Mobile Sidebar Form','Submitted From','172.56.27.217',10000,NULL),(1433284343.4283,'Mobile Contact Form','fname','Terry ',0,NULL),(1433284343.4283,'Mobile Contact Form','lname','Robinson ',1,NULL),(1433284343.4283,'Mobile Contact Form','email','terry.robinson.tr64@gmail.com',2,NULL),(1433284343.4283,'Mobile Contact Form','phone','7862517757',3,NULL),(1433284343.4283,'Mobile Contact Form','zip','32210',4,NULL),(1433284343.4283,'Mobile Contact Form','message','',5,NULL),(1433284343.4283,'Mobile Contact Form','contact','Email',6,NULL),(1433284343.4283,'Mobile Contact Form','cdl-prep','CDL Preparation',7,NULL),(1433284343.4283,'Mobile Contact Form','cdl-refresh','CDL Refresher',8,NULL),(1433284343.4283,'Mobile Contact Form','cdl-now','',9,NULL),(1433284343.4283,'Mobile Contact Form','independent','',10,NULL),(1433284343.4283,'Mobile Contact Form','heavy-equip','',11,NULL),(1433284343.4283,'Mobile Contact Form','fleet','',12,NULL),(1433284343.4283,'Mobile Contact Form','Submitted From','208.54.80.162',10000,NULL),(1433284388.5220,'Mobile Contact Form','fname','Terry ',0,NULL),(1433284388.5220,'Mobile Contact Form','lname','Robinson ',1,NULL),(1433284388.5220,'Mobile Contact Form','email','terry.robinson.tr64@gmail.com',2,NULL),(1433284388.5220,'Mobile Contact Form','phone','7862517757',3,NULL),(1433284388.5220,'Mobile Contact Form','zip','32210',4,NULL),(1433284388.5220,'Mobile Contact Form','message','',5,NULL),(1433284388.5220,'Mobile Contact Form','contact','Email',6,NULL),(1433284388.5220,'Mobile Contact Form','cdl-prep','CDL Preparation',7,NULL),(1433284388.5220,'Mobile Contact Form','cdl-refresh','CDL Refresher',8,NULL),(1433284388.5220,'Mobile Contact Form','cdl-now','',9,NULL),(1433284388.5220,'Mobile Contact Form','independent','',10,NULL),(1433284388.5220,'Mobile Contact Form','heavy-equip','',11,NULL),(1433284388.5220,'Mobile Contact Form','fleet','',12,NULL),(1433284388.5220,'Mobile Contact Form','Submitted From','208.54.80.162',10000,NULL),(1433285607.1314,'Get More Information - Mobile Sidebar Form','fname','Achour',0,NULL),(1433285607.1314,'Get More Information - Mobile Sidebar Form','lname','Chouadra',1,NULL),(1433285607.1314,'Get More Information - Mobile Sidebar Form','email','twatysamir@gmail.com',2,NULL),(1433285607.1314,'Get More Information - Mobile Sidebar Form','tel','4153166814',3,NULL),(1433285607.1314,'Get More Information - Mobile Sidebar Form','zip','94107',4,NULL),(1433285607.1314,'Get More Information - Mobile Sidebar Form','Submitted From','172.56.39.163',10000,NULL),(1433286873.1001,'Get More Information - Mobile Sidebar Form','fname','Edwin ',0,NULL),(1433286873.1001,'Get More Information - Mobile Sidebar Form','lname','Bentley ',1,NULL),(1433286873.1001,'Get More Information - Mobile Sidebar Form','email','ecashmark@yahoo.com',2,NULL),(1433286873.1001,'Get More Information - Mobile Sidebar Form','tel','9044495371',3,NULL),(1433286873.1001,'Get More Information - Mobile Sidebar Form','zip','32257',4,NULL),(1433286873.1001,'Get More Information - Mobile Sidebar Form','Submitted From','66.87.148.191',10000,NULL),(1433294592.0064,'Mobile Contact Form','fname','Reedel',0,NULL),(1433294592.0064,'Mobile Contact Form','lname','James',1,NULL),(1433294592.0064,'Mobile Contact Form','email','rdljames@yahoo.com',2,NULL),(1433294592.0064,'Mobile Contact Form','phone','3057469488',3,NULL),(1433294592.0064,'Mobile Contact Form','zip','33315',4,NULL),(1433294592.0064,'Mobile Contact Form','message','information on heavy equipment operator course',5,NULL),(1433294592.0064,'Mobile Contact Form','contact','Email',6,NULL),(1433294592.0064,'Mobile Contact Form','heavy-equip','Heavy Equipment Operator',7,NULL),(1433294592.0064,'Mobile Contact Form','cdl-now','',8,NULL),(1433294592.0064,'Mobile Contact Form','cdl-prep','',9,NULL),(1433294592.0064,'Mobile Contact Form','independent','',10,NULL),(1433294592.0064,'Mobile Contact Form','fleet','',11,NULL),(1433294592.0064,'Mobile Contact Form','cdl-refresh','',12,NULL),(1433294592.0064,'Mobile Contact Form','Submitted From','24.231.32.137',10000,NULL),(1433296614.3189,'Get More Information - Sidebar Form','fname','Clarence',0,NULL),(1433296614.3189,'Get More Information - Sidebar Form','lname','Frederick',1,NULL),(1433296614.3189,'Get More Information - Sidebar Form','email','ceffree@gmail.com',2,NULL),(1433296614.3189,'Get More Information - Sidebar Form','tel','9045544209',3,NULL),(1433296614.3189,'Get More Information - Sidebar Form','zip','32206',4,NULL),(1433296614.3189,'Get More Information - Sidebar Form','Submitted From','172.56.26.122',10000,NULL),(1433297250.4908,'Get More Information - Sidebar Form','fname','Gary',0,NULL),(1433297250.4908,'Get More Information - Sidebar Form','lname','Klinesmith',1,NULL),(1433297250.4908,'Get More Information - Sidebar Form','email','Gart0123@comcast.net',2,NULL),(1433297250.4908,'Get More Information - Sidebar Form','tel','19044031763',3,NULL),(1433297250.4908,'Get More Information - Sidebar Form','zip','32068',4,NULL),(1433297250.4908,'Get More Information - Sidebar Form','Submitted From','76.106.229.116',10000,NULL),(1433298911.5689,'Get More Information - Mobile Sidebar Form','fname','edgardo ',0,NULL),(1433298911.5689,'Get More Information - Mobile Sidebar Form','lname','gonzalez',1,NULL),(1433298911.5689,'Get More Information - Mobile Sidebar Form','email','edgardo13b@gmail.com',2,NULL),(1433298911.5689,'Get More Information - Mobile Sidebar Form','tel','4073764713',3,NULL),(1433298911.5689,'Get More Information - Mobile Sidebar Form','zip','32824',4,NULL),(1433298911.5689,'Get More Information - Mobile Sidebar Form','Submitted From','73.24.86.128',10000,NULL),(1433303327.6939,'Get More Information - Sidebar Form','fname','michael',0,NULL),(1433303327.6939,'Get More Information - Sidebar Form','lname','moore',1,NULL),(1433303327.6939,'Get More Information - Sidebar Form','email','mike3230mo@yahoo.com',2,NULL),(1433303327.6939,'Get More Information - Sidebar Form','tel','9045681196',3,NULL),(1433303327.6939,'Get More Information - Sidebar Form','zip','32222',4,NULL),(1433303327.6939,'Get More Information - Sidebar Form','Submitted From','98.231.120.76',10000,NULL),(1433332896.7564,'Course Inquiry Form','fname','Leslie ',0,NULL),(1433332896.7564,'Course Inquiry Form','lname','Bott',1,NULL),(1433332896.7564,'Course Inquiry Form','email','carribeanjumper@yahoo.com',2,NULL),(1433332896.7564,'Course Inquiry Form','phone','912-409-7842',3,NULL),(1433332896.7564,'Course Inquiry Form','zip','31548',4,NULL),(1433332896.7564,'Course Inquiry Form','Submitted From','138.162.0.42',10000,NULL),(1433335196.8033,'Get More Information - Mobile Sidebar Form','fname','Brandon',0,NULL),(1433335196.8033,'Get More Information - Mobile Sidebar Form','lname','Greene',1,NULL),(1433335196.8033,'Get More Information - Mobile Sidebar Form','email','bgr33n3@gmail.com',2,NULL),(1433335196.8033,'Get More Information - Mobile Sidebar Form','tel','3014839110',3,NULL),(1433335196.8033,'Get More Information - Mobile Sidebar Form','zip','20708',4,NULL),(1433335196.8033,'Get More Information - Mobile Sidebar Form','Submitted From','70.199.224.57',10000,NULL),(1433342400.8658,'Get More Information - Mobile Sidebar Form','fname','Adonis ',0,NULL),(1433342400.8658,'Get More Information - Mobile Sidebar Form','lname','Joseph ',1,NULL),(1433342400.8658,'Get More Information - Mobile Sidebar Form','email','osalofolbello85@gmail.com',2,NULL),(1433342400.8658,'Get More Information - Mobile Sidebar Form','tel','6783085536',3,NULL),(1433342400.8658,'Get More Information - Mobile Sidebar Form','zip','30168',4,NULL),(1433342400.8658,'Get More Information - Mobile Sidebar Form','Submitted From','172.56.4.181',10000,NULL),(1433361342.2486,'Get More Information - Mobile Sidebar Form','fname','Mike',0,NULL),(1433361342.2486,'Get More Information - Mobile Sidebar Form','lname','Gray',1,NULL),(1433361342.2486,'Get More Information - Mobile Sidebar Form','email','mgray044@gmail.com',2,NULL),(1433361342.2486,'Get More Information - Mobile Sidebar Form','tel','9045089235',3,NULL),(1433361342.2486,'Get More Information - Mobile Sidebar Form','zip','32220',4,NULL),(1433361342.2486,'Get More Information - Mobile Sidebar Form','Submitted From','66.87.148.93',10000,NULL),(1433361474.7017,'Contact Form','fname','Brandi',0,NULL),(1433361474.7017,'Contact Form','lname','Wigginton',1,NULL),(1433361474.7017,'Contact Form','email','bw@srllp.com',2,NULL),(1433361474.7017,'Contact Form','phone','',3,NULL),(1433361474.7017,'Contact Form','message','',4,NULL),(1433361474.7017,'Contact Form','contact','Email',5,NULL),(1433361474.7017,'Contact Form','zip','75225',6,NULL),(1433361474.7017,'Contact Form','cdl-prep','CDL Preparation',7,NULL),(1433361474.7017,'Contact Form','heavy-equip','Heavy Equipment Operator',8,NULL),(1433361474.7017,'Contact Form','cdl-now','',9,NULL),(1433361474.7017,'Contact Form','independent','',10,NULL),(1433361474.7017,'Contact Form','fleet','',11,NULL),(1433361474.7017,'Contact Form','cdl-refresh','',12,NULL),(1433361474.7017,'Contact Form','Submitted From','74.5.111.221',10000,NULL),(1433371452.8892,'Get More Information - Sidebar Form','fname','TIMTHY',0,NULL),(1433371452.8892,'Get More Information - Sidebar Form','lname','BARNET',1,NULL),(1433371452.8892,'Get More Information - Sidebar Form','email','ANGEL625B@PEOPLEC.COM',2,NULL),(1433371452.8892,'Get More Information - Sidebar Form','tel','615-2270',3,NULL),(1433371452.8892,'Get More Information - Sidebar Form','zip','32179',4,NULL),(1433371452.8892,'Get More Information - Sidebar Form','Submitted From','68.204.0.77',10000,NULL),(1433385974.3267,'Get More Information - Mobile Sidebar Form','fname','Robert ',0,NULL),(1433385974.3267,'Get More Information - Mobile Sidebar Form','lname','Duncan ',1,NULL),(1433385974.3267,'Get More Information - Mobile Sidebar Form','email','rduncan.19851@gmail.com',2,NULL),(1433385974.3267,'Get More Information - Mobile Sidebar Form','tel','9123224279',3,NULL),(1433385974.3267,'Get More Information - Mobile Sidebar Form','zip','31548',4,NULL),(1433385974.3267,'Get More Information - Mobile Sidebar Form','Submitted From','69.131.31.146',10000,NULL),(1433386776.5767,'Get More Information - Mobile Sidebar Form','fname','dalton',0,NULL),(1433386776.5767,'Get More Information - Mobile Sidebar Form','lname','porter',1,NULL),(1433386776.5767,'Get More Information - Mobile Sidebar Form','email','daltonlporter@yahoo.com',2,NULL),(1433386776.5767,'Get More Information - Mobile Sidebar Form','tel','9185307356',3,NULL),(1433386776.5767,'Get More Information - Mobile Sidebar Form','zip','74015',4,NULL),(1433386776.5767,'Get More Information - Mobile Sidebar Form','Submitted From','166.137.136.77',10000,NULL),(1433437414.3579,'Mobile Contact Form','fname','marcus',0,NULL),(1433437414.3579,'Mobile Contact Form','lname','Williams ',1,NULL),(1433437414.3579,'Mobile Contact Form','email','marcuswilliams59@yahoo.com',2,NULL),(1433437414.3579,'Mobile Contact Form','phone','3522836414',3,NULL),(1433437414.3579,'Mobile Contact Form','zip','32608',4,NULL),(1433437414.3579,'Mobile Contact Form','message','',5,NULL),(1433437414.3579,'Mobile Contact Form','contact','Phone',6,NULL),(1433437414.3579,'Mobile Contact Form','cdl-now','CDL Now',7,NULL),(1433437414.3579,'Mobile Contact Form','cdl-prep','',8,NULL),(1433437414.3579,'Mobile Contact Form','independent','',9,NULL),(1433437414.3579,'Mobile Contact Form','heavy-equip','',10,NULL),(1433437414.3579,'Mobile Contact Form','fleet','',11,NULL),(1433437414.3579,'Mobile Contact Form','cdl-refresh','',12,NULL),(1433437414.3579,'Mobile Contact Form','Submitted From','24.250.165.67',10000,NULL),(1433442923.3267,'Course Inquiry Form','fname','Darius',0,NULL),(1433442923.3267,'Course Inquiry Form','lname','Turner',1,NULL),(1433442923.3267,'Course Inquiry Form','email','darius0427@yahoo.com',2,NULL),(1433442923.3267,'Course Inquiry Form','phone','850-694-7232',3,NULL),(1433442923.3267,'Course Inquiry Form','zip','32351',4,NULL),(1433442923.3267,'Course Inquiry Form','Submitted From','50.240.3.137',10000,NULL),(1433443642.0454,'Contact Form','fname','Matthew',0,NULL),(1433443642.0454,'Contact Form','lname','Hollis',1,NULL),(1433443642.0454,'Contact Form','email','everyonesuffersfromsomething@yahoo.com',2,NULL),(1433443642.0454,'Contact Form','phone','321-652-1830',3,NULL),(1433443642.0454,'Contact Form','message','Just wanted to see if my log in information had been activated to do my online portion and what my login info was and where i would need to go to start my classes? Thank you.',4,NULL),(1433443642.0454,'Contact Form','contact','Phone',5,NULL),(1433443642.0454,'Contact Form','zip','32907',6,NULL),(1433443642.0454,'Contact Form','heavy-equip','Heavy Equipment Operator',7,NULL),(1433443642.0454,'Contact Form','cdl-now','',8,NULL),(1433443642.0454,'Contact Form','cdl-prep','',9,NULL),(1433443642.0454,'Contact Form','independent','',10,NULL),(1433443642.0454,'Contact Form','fleet','',11,NULL),(1433443642.0454,'Contact Form','cdl-refresh','',12,NULL),(1433443642.0454,'Contact Form','Submitted From','104.55.0.186',10000,NULL),(1433447584.9517,'Course Inquiry Form','fname','Alovy',0,NULL),(1433447584.9517,'Course Inquiry Form','lname','Jean-Batiste',1,NULL),(1433447584.9517,'Course Inquiry Form','email','Alovyj@yahoo.com',2,NULL),(1433447584.9517,'Course Inquiry Form','phone','561-294-2045',3,NULL),(1433447584.9517,'Course Inquiry Form','zip','33413',4,NULL),(1433447584.9517,'Course Inquiry Form','Submitted From','99.98.137.68',10000,NULL),(1433468225.3423,'Get More Information - Mobile Sidebar Form','fname','jesse',0,NULL),(1433468225.3423,'Get More Information - Mobile Sidebar Form','lname','brown',1,NULL),(1433468225.3423,'Get More Information - Mobile Sidebar Form','email','jessejamesbrown1981@gmail.com',2,NULL),(1433468225.3423,'Get More Information - Mobile Sidebar Form','tel','9045375718',3,NULL),(1433468225.3423,'Get More Information - Mobile Sidebar Form','zip','32256',4,NULL),(1433468225.3423,'Get More Information - Mobile Sidebar Form','Submitted From','66.87.111.77',10000,NULL),(1433538663.5454,'Get More Information - Sidebar Form','fname','tyree',0,NULL),(1433538663.5454,'Get More Information - Sidebar Form','lname','sanders',1,NULL),(1433538663.5454,'Get More Information - Sidebar Form','email','sanderstyree@yahoo.com',2,NULL),(1433538663.5454,'Get More Information - Sidebar Form','tel','7735519002',3,NULL),(1433538663.5454,'Get More Information - Sidebar Form','zip','60636',4,NULL),(1433538663.5454,'Get More Information - Sidebar Form','Submitted From','108.225.221.213',10000,NULL),(1433539953.6392,'Contact Form','fname','tyree',0,NULL),(1433539953.6392,'Contact Form','lname','sanders',1,NULL),(1433539953.6392,'Contact Form','email','sanderstyree@yahoo.com',2,NULL),(1433539953.6392,'Contact Form','phone','7735519002',3,NULL),(1433539953.6392,'Contact Form','message','I wanna be a truck driver ',4,NULL),(1433539953.6392,'Contact Form','contact','Email',5,NULL),(1433539953.6392,'Contact Form','zip','60636',6,NULL),(1433539953.6392,'Contact Form','cdl-now','CDL Now',7,NULL),(1433539953.6392,'Contact Form','cdl-prep','CDL Preparation',8,NULL),(1433539953.6392,'Contact Form','fleet','Fleet Training',9,NULL),(1433539953.6392,'Contact Form','independent','',10,NULL),(1433539953.6392,'Contact Form','heavy-equip','',11,NULL),(1433539953.6392,'Contact Form','cdl-refresh','',12,NULL),(1433539953.6392,'Contact Form','Submitted From','108.225.221.213',10000,NULL),(1433547807.9986,'Course Inquiry Form','fname','Ashlee',0,NULL),(1433547807.9986,'Course Inquiry Form','lname','Channell',1,NULL),(1433547807.9986,'Course Inquiry Form','email','ashleekc1991@gmail.com',2,NULL),(1433547807.9986,'Course Inquiry Form','phone','9046720106',3,NULL),(1433547807.9986,'Course Inquiry Form','zip','32003',4,NULL),(1433547807.9986,'Course Inquiry Form','Submitted From','98.231.95.160',10000,NULL),(1433554421.2642,'Get More Information - Mobile Sidebar Form','fname','Valerie',0,NULL),(1433554421.2642,'Get More Information - Mobile Sidebar Form','lname','May',1,NULL),(1433554421.2642,'Get More Information - Mobile Sidebar Form','email','valnivy@yahoo.com',2,NULL),(1433554421.2642,'Get More Information - Mobile Sidebar Form','tel','9123901982',3,NULL),(1433554421.2642,'Get More Information - Mobile Sidebar Form','zip','31537',4,NULL),(1433554421.2642,'Get More Information - Mobile Sidebar Form','Submitted From','70.193.161.72',10000,NULL),(1433620149.3736,'Get More Information - Mobile Sidebar Form','fname','Stacy',0,NULL),(1433620149.3736,'Get More Information - Mobile Sidebar Form','lname','Thomas',1,NULL),(1433620149.3736,'Get More Information - Mobile Sidebar Form','email','stacy.thomas93@yahoo.com',2,NULL),(1433620149.3736,'Get More Information - Mobile Sidebar Form','tel','9045374153',3,NULL),(1433620149.3736,'Get More Information - Mobile Sidebar Form','zip','32218',4,NULL),(1433620149.3736,'Get More Information - Mobile Sidebar Form','Submitted From','4.26.66.166',10000,NULL),(1433624247.6704,'Get More Information - Sidebar Form','fname','Ryan ',0,NULL),(1433624247.6704,'Get More Information - Sidebar Form','lname','Dorsey',1,NULL),(1433624247.6704,'Get More Information - Sidebar Form','email','mrdorsey32@gmail.com',2,NULL),(1433624247.6704,'Get More Information - Sidebar Form','tel','4107883574',3,NULL),(1433624247.6704,'Get More Information - Sidebar Form','zip','21207',4,NULL),(1433624247.6704,'Get More Information - Sidebar Form','Submitted From','71.244.216.107',10000,NULL),(1433692077.7843,'Get More Information - Mobile Sidebar Form','fname','terence',0,NULL),(1433692077.7843,'Get More Information - Mobile Sidebar Form','lname','ingram',1,NULL),(1433692077.7843,'Get More Information - Mobile Sidebar Form','email','terenceringram@gmail.com',2,NULL),(1433692077.7843,'Get More Information - Mobile Sidebar Form','tel','9103186608',3,NULL),(1433692077.7843,'Get More Information - Mobile Sidebar Form','zip','27704',4,NULL),(1433692077.7843,'Get More Information - Mobile Sidebar Form','Submitted From','172.56.5.81',10000,NULL),(1433709871.5811,'Get More Information - Mobile Sidebar Form','fname','freddie',0,NULL),(1433709871.5811,'Get More Information - Mobile Sidebar Form','lname','jones',1,NULL),(1433709871.5811,'Get More Information - Mobile Sidebar Form','email','freddiej86@gmail.com',2,NULL),(1433709871.5811,'Get More Information - Mobile Sidebar Form','tel','3862740042',3,NULL),(1433709871.5811,'Get More Information - Mobile Sidebar Form','zip','32174',4,NULL),(1433709871.5811,'Get More Information - Mobile Sidebar Form','Submitted From','166.172.187.97',10000,NULL),(1433717109.1593,'Get More Information - Mobile Sidebar Form','fname','Robert',0,NULL),(1433717109.1593,'Get More Information - Mobile Sidebar Form','lname','Cummings',1,NULL),(1433717109.1593,'Get More Information - Mobile Sidebar Form','email','roblcummings2@gmail.com',2,NULL),(1433717109.1593,'Get More Information - Mobile Sidebar Form','tel','9124332650',3,NULL),(1433717109.1593,'Get More Information - Mobile Sidebar Form','zip','31404',4,NULL),(1433717109.1593,'Get More Information - Mobile Sidebar Form','Submitted From','70.193.173.49',10000,NULL),(1433721452.0499,'Get More Information - Mobile Sidebar Form','fname','Robert',0,NULL),(1433721452.0499,'Get More Information - Mobile Sidebar Form','lname','Lee',1,NULL),(1433721452.0499,'Get More Information - Mobile Sidebar Form','email','cricketsof07@gmail.com',2,NULL),(1433721452.0499,'Get More Information - Mobile Sidebar Form','tel','9046476565',3,NULL),(1433721452.0499,'Get More Information - Mobile Sidebar Form','zip','32246',4,NULL),(1433721452.0499,'Get More Information - Mobile Sidebar Form','Submitted From','73.53.242.149',10000,NULL),(1433747915.4718,'Get More Information - Mobile Sidebar Form','fname','Roderick',0,NULL),(1433747915.4718,'Get More Information - Mobile Sidebar Form','lname','Hall',1,NULL),(1433747915.4718,'Get More Information - Mobile Sidebar Form','email','rlhall1975@gmail.com',2,NULL),(1433747915.4718,'Get More Information - Mobile Sidebar Form','tel','2293643543',3,NULL),(1433747915.4718,'Get More Information - Mobile Sidebar Form','zip','31705',4,NULL),(1433747915.4718,'Get More Information - Mobile Sidebar Form','Submitted From','173.16.62.8',10000,NULL),(1433759139.0811,'Get More Information - Sidebar Form','fname','Corey',0,NULL),(1433759139.0811,'Get More Information - Sidebar Form','lname','Monroe',1,NULL),(1433759139.0811,'Get More Information - Sidebar Form','email','corey_monroe@yahoo.com',2,NULL),(1433759139.0811,'Get More Information - Sidebar Form','tel','9105069916',3,NULL),(1433759139.0811,'Get More Information - Sidebar Form','zip','28352',4,NULL),(1433759139.0811,'Get More Information - Sidebar Form','Submitted From','66.56.140.230',10000,NULL),(1433765139.6280,'Get More Information - Mobile Sidebar Form','fname','Jonathan',0,NULL),(1433765139.6280,'Get More Information - Mobile Sidebar Form','lname','Pullen',1,NULL),(1433765139.6280,'Get More Information - Mobile Sidebar Form','email','nathan201061@gmail.com',2,NULL),(1433765139.6280,'Get More Information - Mobile Sidebar Form','tel','9045629519',3,NULL),(1433765139.6280,'Get More Information - Mobile Sidebar Form','zip','32073',4,NULL),(1433765139.6280,'Get More Information - Mobile Sidebar Form','Submitted From','70.209.19.237',10000,NULL),(1433766605.1593,'Get More Information - Mobile Sidebar Form','fname','victor',0,NULL),(1433766605.1593,'Get More Information - Mobile Sidebar Form','lname','cruz',1,NULL),(1433766605.1593,'Get More Information - Mobile Sidebar Form','email','cruzvictor20@yahoo.com',2,NULL),(1433766605.1593,'Get More Information - Mobile Sidebar Form','tel','4079149332',3,NULL),(1433766605.1593,'Get More Information - Mobile Sidebar Form','zip','33844',4,NULL),(1433766605.1593,'Get More Information - Mobile Sidebar Form','Submitted From','172.56.5.100',10000,NULL),(1433770935.5186,'Contact Form','fname','WILLIAM',0,NULL),(1433770935.5186,'Contact Form','lname','JAKUMA',1,NULL),(1433770935.5186,'Contact Form','email','wjakuma@yahoo.com',2,NULL),(1433770935.5186,'Contact Form','phone','0779601775       ',3,NULL),(1433770935.5186,'Contact Form','message','Interested in heavy truck driving and would want know the training cost',4,NULL),(1433770935.5186,'Contact Form','contact','Phone',5,NULL),(1433770935.5186,'Contact Form','zip','MARIJWANA',6,NULL),(1433770935.5186,'Contact Form','heavy-equip','Heavy Equipment Operator',7,NULL),(1433770935.5186,'Contact Form','cdl-now','',8,NULL),(1433770935.5186,'Contact Form','cdl-prep','',9,NULL),(1433770935.5186,'Contact Form','independent','',10,NULL),(1433770935.5186,'Contact Form','fleet','',11,NULL),(1433770935.5186,'Contact Form','cdl-refresh','',12,NULL),(1433770935.5186,'Contact Form','Submitted From','154.70.156.161',10000,NULL),(1433773194.4405,'Mobile Contact Form','fname','brandy',0,NULL),(1433773194.4405,'Mobile Contact Form','lname','Sheppard',1,NULL),(1433773194.4405,'Mobile Contact Form','email','inlovwidu21@gmail.com',2,NULL),(1433773194.4405,'Mobile Contact Form','phone','386-546-2761',3,NULL),(1433773194.4405,'Mobile Contact Form','zip','32177',4,NULL),(1433773194.4405,'Mobile Contact Form','message','I have bad credit, but I do have a cosigner with great credit, my question is would I still have to pay a down payment because that\'s what had been holding me up',5,NULL),(1433773194.4405,'Mobile Contact Form','contact','Email',6,NULL),(1433773194.4405,'Mobile Contact Form','cdl-now','CDL Now',7,NULL),(1433773194.4405,'Mobile Contact Form','cdl-prep','',8,NULL),(1433773194.4405,'Mobile Contact Form','independent','',9,NULL),(1433773194.4405,'Mobile Contact Form','heavy-equip','',10,NULL),(1433773194.4405,'Mobile Contact Form','fleet','',11,NULL),(1433773194.4405,'Mobile Contact Form','cdl-refresh','',12,NULL),(1433773194.4405,'Mobile Contact Form','Submitted From','71.197.61.205',10000,NULL),(1433777957.1749,'Get More Information - Mobile Sidebar Form','fname','James ',0,NULL),(1433777957.1749,'Get More Information - Mobile Sidebar Form','lname','Martin  ',1,NULL),(1433777957.1749,'Get More Information - Mobile Sidebar Form','email','1967martinjames@gmail.com',2,NULL),(1433777957.1749,'Get More Information - Mobile Sidebar Form','tel','6626330725',3,NULL),(1433777957.1749,'Get More Information - Mobile Sidebar Form','zip','39090',4,NULL),(1433777957.1749,'Get More Information - Mobile Sidebar Form','Submitted From','166.170.52.222',10000,NULL),(1433780787.7999,'Get More Information - Mobile Sidebar Form','fname','Joseph',0,NULL),(1433780787.7999,'Get More Information - Mobile Sidebar Form','lname','DelBuono ',1,NULL),(1433780787.7999,'Get More Information - Mobile Sidebar Form','email','TropicalJoe420@hotmail.com',2,NULL),(1433780787.7999,'Get More Information - Mobile Sidebar Form','tel','3868823953',3,NULL),(1433780787.7999,'Get More Information - Mobile Sidebar Form','zip','32130',4,NULL),(1433780787.7999,'Get More Information - Mobile Sidebar Form','Submitted From','50.88.69.151',10000,NULL),(1433782668.8155,'Get More Information - Mobile Sidebar Form','fname','harold',0,NULL),(1433782668.8155,'Get More Information - Mobile Sidebar Form','lname','baker',1,NULL),(1433782668.8155,'Get More Information - Mobile Sidebar Form','email','harold.baker52878@gmail.com',2,NULL),(1433782668.8155,'Get More Information - Mobile Sidebar Form','tel','4782468894',3,NULL),(1433782668.8155,'Get More Information - Mobile Sidebar Form','zip','31021',4,NULL),(1433782668.8155,'Get More Information - Mobile Sidebar Form','Submitted From','24.178.142.95',10000,NULL),(1433791996.1905,'Course Inquiry Form','fname','Yolanda',0,NULL),(1433791996.1905,'Course Inquiry Form','lname','Clark',1,NULL),(1433791996.1905,'Course Inquiry Form','email','ytcgmgsocr4ever@gmail.com',2,NULL),(1433791996.1905,'Course Inquiry Form','phone','4072521137',3,NULL),(1433791996.1905,'Course Inquiry Form','zip','33960',4,NULL),(1433791996.1905,'Course Inquiry Form','Submitted From','71.0.246.6',10000,NULL),(1433794786.9249,'Get More Information - Sidebar Form','fname','RICK',0,NULL),(1433794786.9249,'Get More Information - Sidebar Form','lname','SMITH',1,NULL),(1433794786.9249,'Get More Information - Sidebar Form','email','Snapon_Rick@yahoo.com',2,NULL),(1433794786.9249,'Get More Information - Sidebar Form','tel','9046690457',3,NULL),(1433794786.9249,'Get More Information - Sidebar Form','zip','32259',4,NULL),(1433794786.9249,'Get More Information - Sidebar Form','Submitted From','70.209.19.147',10000,NULL),(1433797565.5343,'Get More Information - Mobile Sidebar Form','fname','Lamarcus',0,NULL),(1433797565.5343,'Get More Information - Mobile Sidebar Form','lname','Wilson',1,NULL),(1433797565.5343,'Get More Information - Mobile Sidebar Form','email','lamarcus15@icloud.com',2,NULL),(1433797565.5343,'Get More Information - Mobile Sidebar Form','tel','9042106751',3,NULL),(1433797565.5343,'Get More Information - Mobile Sidebar Form','zip','32210',4,NULL),(1433797565.5343,'Get More Information - Mobile Sidebar Form','Submitted From','108.221.30.195',10000,NULL),(1433806504.6749,'Get More Information - Mobile Sidebar Form','fname','Anthony',0,NULL),(1433806504.6749,'Get More Information - Mobile Sidebar Form','lname','Miller ',1,NULL),(1433806504.6749,'Get More Information - Mobile Sidebar Form','email','MillerAnthony785@Gmail.com',2,NULL),(1433806504.6749,'Get More Information - Mobile Sidebar Form','tel','5613106158',3,NULL),(1433806504.6749,'Get More Information - Mobile Sidebar Form','zip','33407',4,NULL),(1433806504.6749,'Get More Information - Mobile Sidebar Form','Submitted From','66.87.122.5',10000,NULL),(1433807094.7843,'Get More Information - Mobile Sidebar Form','fname','Anthony',0,NULL),(1433807094.7843,'Get More Information - Mobile Sidebar Form','lname','Miller',1,NULL),(1433807094.7843,'Get More Information - Mobile Sidebar Form','email','milleranthony785@gmail.com',2,NULL),(1433807094.7843,'Get More Information - Mobile Sidebar Form','tel','5613106158',3,NULL),(1433807094.7843,'Get More Information - Mobile Sidebar Form','zip','33407',4,NULL),(1433807094.7843,'Get More Information - Mobile Sidebar Form','Submitted From','66.87.122.5',10000,NULL),(1433850996.5186,'Get More Information - Mobile Sidebar Form','fname','john',0,NULL),(1433850996.5186,'Get More Information - Mobile Sidebar Form','lname','casseus',1,NULL),(1433850996.5186,'Get More Information - Mobile Sidebar Form','email','casseusjohn@yahoo.com',2,NULL),(1433850996.5186,'Get More Information - Mobile Sidebar Form','tel','2392403868',3,NULL),(1433850996.5186,'Get More Information - Mobile Sidebar Form','zip','33908',4,NULL),(1433850996.5186,'Get More Information - Mobile Sidebar Form','Submitted From','208.54.85.175',10000,NULL),(1433851353.4405,'Get More Information - Mobile Sidebar Form','fname','natashia',0,NULL),(1433851353.4405,'Get More Information - Mobile Sidebar Form','lname','strong',1,NULL),(1433851353.4405,'Get More Information - Mobile Sidebar Form','email','shortyt_red@yahoi.com',2,NULL),(1433851353.4405,'Get More Information - Mobile Sidebar Form','tel','4072711806',3,NULL),(1433851353.4405,'Get More Information - Mobile Sidebar Form','zip','32811',4,NULL),(1433851353.4405,'Get More Information - Mobile Sidebar Form','Submitted From','172.56.27.222',10000,NULL),(1433859869.0343,'Get More Information - Mobile Sidebar Form','fname','lishawn',0,NULL),(1433859869.0343,'Get More Information - Mobile Sidebar Form','lname','brathwaite',1,NULL),(1433859869.0343,'Get More Information - Mobile Sidebar Form','email','lishawnbrathwaite@hotmail.com',2,NULL),(1433859869.0343,'Get More Information - Mobile Sidebar Form','tel','3402016337',3,NULL),(1433859869.0343,'Get More Information - Mobile Sidebar Form','zip','00803',4,NULL),(1433859869.0343,'Get More Information - Mobile Sidebar Form','Submitted From','166.172.188.78',10000,NULL),(1433861596.4718,'Course Inquiry Form','fname','JASHARD',0,NULL),(1433861596.4718,'Course Inquiry Form','lname','JACKSON',1,NULL),(1433861596.4718,'Course Inquiry Form','email','JASHARDJACKSON@GMAIL.COM',2,NULL),(1433861596.4718,'Course Inquiry Form','phone','4079600930',3,NULL),(1433861596.4718,'Course Inquiry Form','zip','32703',4,NULL),(1433861596.4718,'Course Inquiry Form','Submitted From','67.162.164.104',10000,NULL),(1433865850.0499,'Contact Form','fname','lina',0,NULL),(1433865850.0499,'Contact Form','lname','chettiar',1,NULL),(1433865850.0499,'Contact Form','email','lina_chettiar@ymail.com',2,NULL),(1433865850.0499,'Contact Form','phone','8134758098',3,NULL),(1433865850.0499,'Contact Form','message','I want to obtain my CDL license but I want to see if my D.U.I will affect me obtaining one.',4,NULL),(1433865850.0499,'Contact Form','contact','Phone',5,NULL),(1433865850.0499,'Contact Form','zip','33619',6,NULL),(1433865850.0499,'Contact Form','cdl-now','CDL Now',7,NULL),(1433865850.0499,'Contact Form','cdl-prep','CDL Preparation',8,NULL),(1433865850.0499,'Contact Form','independent','',9,NULL),(1433865850.0499,'Contact Form','heavy-equip','',10,NULL),(1433865850.0499,'Contact Form','fleet','',11,NULL),(1433865850.0499,'Contact Form','cdl-refresh','',12,NULL),(1433865850.0499,'Contact Form','Submitted From','97.76.210.2',10000,NULL),(1433867179.0030,'Contact Form','fname','GW ',0,NULL),(1433867179.0030,'Contact Form','lname','Gleaton',1,NULL),(1433867179.0030,'Contact Form','email','gwg53@att.net',2,NULL),(1433867179.0030,'Contact Form','phone','2253843054',3,NULL),(1433867179.0030,'Contact Form','message','I am interested in receiving training and employment assistance in heavy equipment. Also I have a CDL A and 6 months experience with an employer willing to hire. The experience has been over 3 years',4,NULL),(1433867179.0030,'Contact Form','contact','Email',5,NULL),(1433867179.0030,'Contact Form','zip','32086',6,NULL),(1433867179.0030,'Contact Form','heavy-equip','Heavy Equipment Operator',7,NULL),(1433867179.0030,'Contact Form','cdl-refresh','CDL Refresher',8,NULL),(1433867179.0030,'Contact Form','cdl-now','',9,NULL),(1433867179.0030,'Contact Form','cdl-prep','',10,NULL),(1433867179.0030,'Contact Form','independent','',11,NULL),(1433867179.0030,'Contact Form','fleet','',12,NULL),(1433867179.0030,'Contact Form','Submitted From','98.71.208.172',10000,NULL),(1433867433.3155,'Get More Information - Mobile Sidebar Form','fname','Larry ',0,NULL),(1433867433.3155,'Get More Information - Mobile Sidebar Form','lname','Bellamy ',1,NULL),(1433867433.3155,'Get More Information - Mobile Sidebar Form','email','larrybellamy08@gmail.com',2,NULL),(1433867433.3155,'Get More Information - Mobile Sidebar Form','tel','2294365541',3,NULL),(1433867433.3155,'Get More Information - Mobile Sidebar Form','zip','31795',4,NULL),(1433867433.3155,'Get More Information - Mobile Sidebar Form','Submitted From','173.21.226.234',10000,NULL),(1433868929.2999,'Get More Information - Mobile Sidebar Form','fname','Brandon',0,NULL),(1433868929.2999,'Get More Information - Mobile Sidebar Form','lname','umana',1,NULL),(1433868929.2999,'Get More Information - Mobile Sidebar Form','email','mayraandbrandon01@gmail.com',2,NULL),(1433868929.2999,'Get More Information - Mobile Sidebar Form','tel','9098829149',3,NULL),(1433868929.2999,'Get More Information - Mobile Sidebar Form','zip','92405',4,NULL),(1433868929.2999,'Get More Information - Mobile Sidebar Form','Submitted From','170.164.50.210',10000,NULL),(1433873197.5186,'Get More Information - Sidebar Form','fname','Jody ',0,NULL),(1433873197.5186,'Get More Information - Sidebar Form','lname','Robinson',1,NULL),(1433873197.5186,'Get More Information - Sidebar Form','email','jodywithartistry@gmail.com',2,NULL),(1433873197.5186,'Get More Information - Sidebar Form','tel','904-657-9343',3,NULL),(1433873197.5186,'Get More Information - Sidebar Form','zip','32643',4,NULL),(1433873197.5186,'Get More Information - Sidebar Form','Submitted From','71.31.108.225',10000,NULL),(1433881144.0499,'Get More Information - Sidebar Form','fname','joshua',0,NULL),(1433881144.0499,'Get More Information - Sidebar Form','lname','pichardo',1,NULL),(1433881144.0499,'Get More Information - Sidebar Form','email','joshuapichardo@hotmail.com',2,NULL),(1433881144.0499,'Get More Information - Sidebar Form','tel','803-586-4567',3,NULL),(1433881144.0499,'Get More Information - Sidebar Form','zip','29205',4,NULL),(1433881144.0499,'Get More Information - Sidebar Form','Submitted From','104.55.120.230',10000,NULL),(1433881291.0499,'Contact Form','fname','joshua',0,NULL),(1433881291.0499,'Contact Form','lname','pichardo',1,NULL),(1433881291.0499,'Contact Form','email','joshuapichardo@hotmail.com',2,NULL),(1433881291.0499,'Contact Form','phone','803-586-4567',3,NULL),(1433881291.0499,'Contact Form','message','job traing',4,NULL),(1433881291.0499,'Contact Form','contact','Phone',5,NULL),(1433881291.0499,'Contact Form','zip','29205',6,NULL),(1433881291.0499,'Contact Form','cdl-now','CDL Now',7,NULL),(1433881291.0499,'Contact Form','cdl-prep','CDL Preparation',8,NULL),(1433881291.0499,'Contact Form','fleet','Fleet Training',9,NULL),(1433881291.0499,'Contact Form','independent','',10,NULL),(1433881291.0499,'Contact Form','heavy-equip','',11,NULL),(1433881291.0499,'Contact Form','cdl-refresh','',12,NULL),(1433881291.0499,'Contact Form','Submitted From','104.55.120.230',10000,NULL),(1433885453.9249,'Get More Information - Mobile Sidebar Form','fname','akeem',0,NULL),(1433885453.9249,'Get More Information - Mobile Sidebar Form','lname','Walton ',1,NULL),(1433885453.9249,'Get More Information - Mobile Sidebar Form','email','akeemwalton24@gmail.com',2,NULL),(1433885453.9249,'Get More Information - Mobile Sidebar Form','tel','3523651269',3,NULL),(1433885453.9249,'Get More Information - Mobile Sidebar Form','zip','34748',4,NULL),(1433885453.9249,'Get More Information - Mobile Sidebar Form','Submitted From','76.4.142.197',10000,NULL),(1433887926.0655,'Mobile Contact Form','fname','Darius',0,NULL),(1433887926.0655,'Mobile Contact Form','lname','Talton',1,NULL),(1433887926.0655,'Mobile Contact Form','email','Dariustalton@aol.com',2,NULL),(1433887926.0655,'Mobile Contact Form','phone','5612558468',3,NULL),(1433887926.0655,'Mobile Contact Form','zip','33403',4,NULL),(1433887926.0655,'Mobile Contact Form','message','I want to find out more about enrollment to get started as soon as possible',5,NULL),(1433887926.0655,'Mobile Contact Form','contact','Phone',6,NULL),(1433887926.0655,'Mobile Contact Form','cdl-now','CDL Now',7,NULL),(1433887926.0655,'Mobile Contact Form','cdl-prep','CDL Preparation',8,NULL),(1433887926.0655,'Mobile Contact Form','independent','',9,NULL),(1433887926.0655,'Mobile Contact Form','heavy-equip','',10,NULL),(1433887926.0655,'Mobile Contact Form','fleet','',11,NULL),(1433887926.0655,'Mobile Contact Form','cdl-refresh','',12,NULL),(1433887926.0655,'Mobile Contact Form','Submitted From','66.87.122.88',10000,NULL),(1433890632.0186,'Get More Information - Sidebar Form','fname','michael',0,NULL),(1433890632.0186,'Get More Information - Sidebar Form','lname','keller',1,NULL),(1433890632.0186,'Get More Information - Sidebar Form','email','keller3forevermike@yahoo.com',2,NULL),(1433890632.0186,'Get More Information - Sidebar Form','tel','386-328-9780',3,NULL),(1433890632.0186,'Get More Information - Sidebar Form','zip','32131',4,NULL),(1433890632.0186,'Get More Information - Sidebar Form','Submitted From','76.106.238.169',10000,NULL),(1433891248.6593,'Get More Information - Sidebar Form','fname','michael',0,NULL),(1433891248.6593,'Get More Information - Sidebar Form','lname','keller',1,NULL),(1433891248.6593,'Get More Information - Sidebar Form','email','keller3forevermike@yahoo.com',2,NULL),(1433891248.6593,'Get More Information - Sidebar Form','tel','386-328-9780',3,NULL),(1433891248.6593,'Get More Information - Sidebar Form','zip','32131',4,NULL),(1433891248.6593,'Get More Information - Sidebar Form','Submitted From','76.106.238.169',10000,NULL),(1433891250.4561,'Get More Information - Sidebar Form','fname','michael',0,NULL),(1433891250.4561,'Get More Information - Sidebar Form','lname','keller',1,NULL),(1433891250.4561,'Get More Information - Sidebar Form','email','keller3forevermike@yahoo.com',2,NULL),(1433891250.4561,'Get More Information - Sidebar Form','tel','386-328-9780',3,NULL),(1433891250.4561,'Get More Information - Sidebar Form','zip','32131',4,NULL),(1433891250.4561,'Get More Information - Sidebar Form','Submitted From','76.106.238.169',10000,NULL),(1433891743.3624,'Get More Information - Mobile Sidebar Form','fname','CRAIG',0,NULL),(1433891743.3624,'Get More Information - Mobile Sidebar Form','lname','Burch',1,NULL),(1433891743.3624,'Get More Information - Mobile Sidebar Form','email','Cdburch1971@gmail.com',2,NULL),(1433891743.3624,'Get More Information - Mobile Sidebar Form','tel','4782317279',3,NULL),(1433891743.3624,'Get More 